<?xml version="1.0" encoding="UTF-8"?>
<Sheets>
	<SheetInfo>
		<SheetName>User_List</SheetName>
		<StartingRow>1</StartingRow>
		<ColumnName>User ID</ColumnName>
		<ColumnName>Directory Number</ColumnName>
		<ColumnName>MAC Addresses</ColumnName>
		<ColumnName>CFNA - Call Forward No Answer (Coverage Paths)</ColumnName>				
		<ColumnName>Mobility(SNR)</ColumnName>
		<ColumnName>Product Type</ColumnName>
		<ColumnName>Phone Button Template</ColumnName>
	</SheetInfo>
	<SheetInfo>
		<SheetName>Shared Line Data</SheetName>
		<StartingRow>2</StartingRow>
		<ColumnName>User ID</ColumnName>	
		<ColumnName>Directory Number of Primary Line</ColumnName>
		<ColumnName>Directory Number #1</ColumnName>
		<ColumnName>Directory Name #1</ColumnName>
		<ColumnName>Directory Number #2</ColumnName>
		<ColumnName>Directory Name #2</ColumnName>
		<ColumnName>Directory Number #3</ColumnName>
		<ColumnName>Directory Name #3</ColumnName>
		<ColumnName>Directory Number #4</ColumnName>
		<ColumnName>Directory Name #4</ColumnName>
		<ColumnName>Directory Number #5</ColumnName>
		<ColumnName>Directory Name #5</ColumnName>
		<ColumnName>Directory Number #6</ColumnName>
		<ColumnName>Directory Name #6</ColumnName>
		<ColumnName>Directory Number #7</ColumnName>
		<ColumnName>Directory Name #7</ColumnName>
		<ColumnName>Directory Number #8</ColumnName>
		<ColumnName>Directory Name #8</ColumnName>
		<ColumnName>Directory Number #9</ColumnName>
		<ColumnName>Directory Name #9</ColumnName>
		<ColumnName>Directory Number #10</ColumnName>
		<ColumnName>Directory Name #10</ColumnName>
		<ColumnName>Directory Number #11</ColumnName>
		<ColumnName>Directory Name #11</ColumnName>
		<ColumnName>Directory Number #22</ColumnName>
		<ColumnName>Directory Name #22</ColumnName>
	</SheetInfo>
	<substringOverider>AutoSuffix</substringOverider>
</Sheets>