<?xml version="1.0" encoding="UTF-8"?>
<Configs>
	<ColumnMapping>
		<Column>
			<Name>MAC ADDRESS</Name>
			<Value length="12">MacAddress</Value>
		</Column>
		<Column>
			<Name>DESCRIPTION</Name>
			<Value length="10">514101,firstname,1directorynumber,NRC</Value>
		</Column>
		
		<Column>
			<Name>DEVICE POOL</Name>
			<Value length="10">DevicePool</Value>
		</Column>
		
		<Column>
			<Name>PHONE BUTTON TEMPLATE</Name>
			<Value >null</Value>
		</Column>
		
		<Column>
			<Name>SOFTKEY TEMPLATE</Name>
			<Value length="10">softkeytemplate</Value>
		</Column>
		
		<Column>
			<Name>Line CSS</Name>
			<Value length="10">linecss</Value>
		</Column>
		<Column>
			<Name>LINE DESCRIPTION</Name>
			<Value length="10">1111 Polaris Parkway,Columbus,OH</Value>
		</Column>
		
		<Column>
			<Name>LINE DESCRIPTION</Name>
			<Value length="10">1111 Polaris Parkway,Columbus,OH</Value>
		</Column>
		
		<Column>
			<Name>LINE TEXT LABEL1</Name>
			<Value length="10">firstname 7digitdn</Value>
		</Column>
		
		<Column>
			<Name>ASCII LINE TEXT LABEL1</Name>
			<Value length="10">firstname 7digitdn</Value>
		</Column>
		
		<Column>
			<Name>Alerting Name1</Name>
			<Value length="10">firstname</Value>
		</Column>
		
		<Column>
			<Name>LINE DESCRIPTION</Name>
			<Value length="10">1111 Polaris Parkway,Columbus,OH</Value>
		</Column>
		
	</ColumnMapping>
	
	<MandatoryColumns>
		<ColumnName>MacAddress</ColumnName>
		
	</MandatoryColumns>
	<MasterSheets>
		<SheetName>Users 404</SheetName>
		<SheetName>Users 505</SheetName>
	</MasterSheets>
	
</Configs>
