<?xml version="1.0" encoding="UTF-8"?>
<Configs>
	<ColumnMapping>
		<Column>
			<Name>DEVICE PROFILE NAME</Name>
			<Value duplicate="no">UDP_UserID</Value>
		</Column>
		<Column>
			<Name>DESCRIPTION</Name>
			<Value trimchar="\+">UserID - DirectoryNumber - SiteId - LocationID</Value>
		</Column>
		<Column>
			<Name>DIRECTORY NUMBER  1</Name>
			<Value trimchar="\+">\+DirectoryNumber</Value>
		</Column>
		<Column>
			<Name >LINE DESCRIPTION  1</Name>
			<Value trimchar="\+">UserID -DirectoryNumber - SiteId </Value>
		</Column>
		<Column>
			<Name>ALERTING NAME  1</Name>
			<Value>LastName, FirstName</Value>
		</Column>
		<Column>
			<Name>ASCII ALERTING NAME  1</Name>
			<Value>LastName, FirstName</Value>
		</Column>
		<Column>
			<Name>DISPLAY  1</Name>
			<Value>LastName, FirstName</Value>
		</Column>
		<Column>
			<Name>ASCII DISPLAY  1</Name>
			<Value>LastName, FirstName</Value>
		</Column>
		<Column>
			<Name>LINE TEXT LABEL  1</Name>
			<Value columnTailString="DirectoryNumber,7">DirectoryNumber</Value>
		</Column>
		<Column>
			<Name>LOGIN USER ID</Name>
			<Value>UserID</Value>
		</Column>
		<Column>
			<Name>RECORDING OPTION  1</Name>
			<Value contains="Automatic,Selective">RecordingType Call Recording Enabled</Value>
		</Column>
		<Column>
			<Name>RECORDING PROFILE  1</Name>
			<Value dependentCol="RECORDING OPTION  1">MorganStanleyRecName</Value>
		</Column>
		<Column>
			<Name>Phone Button Template</Name>
			<Value ifEmptyIgnoreRow="yes" contains="PBT_8841_ST_StandardUser">PhoneButtonTemplate</Value>
		</Column>

	</ColumnMapping>
	
	<MandatoryColumns>
		<ColumnName>UserID</ColumnName>
	</MandatoryColumns>
	<MasterSheets>
		<SheetName>UserInfo</SheetName>
	</MasterSheets>
	
	<HeaderConfigs>
		
		<File>routepattern</File>
	</HeaderConfigs>
	
</Configs>
