<?xml version="1.0" encoding="UTF-8"?>
<Configs>
	<ColumnMapping>
		<Column>
			<Name>USER ID</Name>
			<Value duplicate="no">UserID</Value>
		</Column>
		<Column>
			<Name>First Name</Name>
			<Value>FirstName</Value>
		</Column>
		
		<Column>
			<Name>Directory Number</Name>
			<Value duplicate="no" trimchar="\+" prefix="\+">DirectoryNumberofPrimaryLine</Value>
		</Column>
		<Column>
			<Name>PhoneModel</Name>
			<Value sheet="UserInfo" notContainsValidator="8861" ifEmptyIgnoreRow="yes">PhoneButtonTemplate</Value>
		</Column>
	</ColumnMapping>

	<Identifier>
		<Name>UserId</Name>
	</Identifier>

	<MandatoryColumns>
		<ColumnName alternateCol="DirectoryNumberofPrimaryLine">FirstName</ColumnName>
	</MandatoryColumns>

	<MasterSheets>
		<SheetName>Sharedlinnes</SheetName>
	</MasterSheets>
</Configs>
