<?xml version="1.0" encoding="UTF-8"?>
<Configs>
	<ColumnMapping>
		<Column>
			<Name>User ID</Name>
			<Value>1_UserId</Value>
		</Column>
		<Column>
			<Name>PASSWORD</Name>
			<Value>JP1Chase</Value>
		</Column>
		<Column>
			<Name>MAC ADDRESS</Name>
			<Value>MACAddresses</Value>
		</Column>
		<Column>
			<Name>TELEPHONE NUMBER</Name>
			<Value>+1directoryNumber</Value>
		</Column>
		
		<Column>
			<Name>MAILID</Name>
			<Value>UserId@infosys.com</Value>
		</Column>
		<Column>
			<Name>MANAGERID</Name>
			<Value  columnTailString="MobilitySNR,4">MobilitySNR</Value>
		</Column>
		<Column>
			<Name>CONTROLLED DEVICE2</Name>
			<Value>ProductType</Value>
		</Column>
		<Column>
			<Name>CTI CONTROLLED PROFILE </Name>
			<Value>PhoneButtonTemplate</Value>
		</Column>	
		
	</ColumnMapping>
	
		<ExcludeColumn>
        <ColumnName>CTI CONTROLLED PROFILE </ColumnName>
        </ExcludeColumn>
	
	<MandatoryColumns>
		<ColumnName>UserId</ColumnName>
	
	</MandatoryColumns>
	
	<MasterSheets>
	<SheetName>User_List</SheetName>
		
	</MasterSheets>
	
	
	<Identifier>
	<Name>UserId</Name>
	</Identifier>
	
	
</Configs>