<?xml version="1.0" encoding="UTF-8"?>
<Configs>
	<ColumnMapping>
		<Column>
			<Name>MAC ADDRESS</Name>
			<Value length="12">MacAddress</Value>
		</Column>
		<Column>
			<Name>DESCRIPTION</Name>
			<Value length="10">514101,LO-Device,Non_Did_Number,NRC</Value>
		</Column>
		
		<Column>
			<Name>DEVICE POOL</Name>
			<Value length="10">DevicePool</Value>
		</Column>
		
		<Column>
			<Name>DIRECTORY NUMBER</Name>
			<Value >Non_Did_Number</Value>
		</Column>
		
		<Column>
			<Name>LINE DESCRIPTION1</Name>
			<Value length="10">1111 Polaris Parkway,Columbus,OH</Value>
		</Column>
		
		<Column>
			<Name>LINE TEXT LABEL1</Name>
			<Value length="10">Logged out Phone 7DigitNonDn</Value>
		</Column>
		<Column>
			<Name>ASCII LINE TEXT LABEL1</Name>
			<Value length="10">null</Value>
		</Column>
		
	</ColumnMapping>
	
	<MandatoryColumns>
		<ColumnName>MacAddress</ColumnName>
		
	</MandatoryColumns>
	<MasterSheets>
		<SheetName>Users 404</SheetName>
		<SheetName>Users 505</SheetName>
	</MasterSheets>
	
</Configs>
