<?xml version="1.0" encoding="UTF-8"?>
<Configs>
	<ColumnMapping>
		<Column>
			<Name>USER ID</Name>
			<Value>1_UserId</Value>
		</Column>
		<Column>
			<Name>PASSWORD</Name>
			<Value>JP1Chase</Value>
		</Column>
		<Column>
			<Name>MAC ADDRESS</Name>
			<Value sheet="phone" contains="SNR" ifEmptyIgnoreRow="yes">SEPMacAddress</Value>
		</Column>
		
		<Column>
			<Name>FIRST NAME</Name>
			<Value>FirstName</Value>
		</Column>
		
		<Column>
			<Name>LAST NAME</Name>
			<Value columnTailString="LastName,3">LastName</Value>
		</Column>
		
		<Column>
			<Name>TELEPHONE NUMBER</Name>
			<Value  duplicate="no" trimchar="+\" length="10">+1directoryNumber</Value>
		</Column>
		
		<Column>
			<Name>MAILID</Name>
			<Value>UserId@infosys.com</Value>
		</Column>
		<Column>
			<Name>MANAGERID</Name>
			<Value columnTailString="LastName,4">LastName</Value>
		</Column>
		<Column>
			<Name>DEPARTMENT</Name>
			<Value isEmpty="yes">Department</Value>
		</Column>
		<Column>
			<Name>CONTROLLED DEVICE1</Name>
			<Value notContainsValidator="SNROn,Off"  subStrDelimiter="4,;" trimchar="+" notEmpty="yes"  columnNotEmpty="MobilitySNR" prefix="+">MobilitySNR</Value>
		</Column>
		<Column>
			<Name>CONTROLLED DEVICE2</Name>
			<Value containsValidator="automatic,selective" notEmpty="yes">DEVICEPOOL</Value>
		</Column>
		<Column>
			<Name>DEFAULT PROFILE</Name>
			<Value trimchar="+\">DP_EM_UserId_DeviceType_1DirectoryNumber</Value>
		</Column>
		<Column>
			<Name>PRIMARY EXTENSION</Name>
			<Value trimchar="+\">+1DirectoryNumber in PT_Temporary-514101</Value>
		</Column>
		
		<Column>
			<Name>CONTROLLED PROFILE1</Name>
			<Value trimchar="+\">DP_EM_UserId_DeviceType_1DirectoryNumber</Value>
		</Column>	
		
		<Column>
			<Name>CTI CONTROLLED PROFILE </Name>
			<Value isColSubString="PhoneModel">PhoneButtonTemplate</Value>
		</Column>	
		
		
	</ColumnMapping>
	
		<ExcludeColumn>
        <ColumnName>CTI CONTROLLED PROFILE </ColumnName>
        </ExcludeColumn>
	
	<MandatoryColumns>
		<ColumnName alternateCol="MacAddress" dependentSheet="User Info">UserId</ColumnName>
		<ColumnName>Last Name</ColumnName>	
	</MandatoryColumns>
	
	<MasterSheets>
	<SheetName>Sheet1</SheetName>
		
	</MasterSheets>
	
	
	<Identifier>
	<Name>UserId</Name>
	</Identifier>
	
	
</Configs>
