<?xml version="1.0" encoding="UTF-8"?>
<Sheets>
	<SheetInfo>
		<SheetName>UserInfo</SheetName>
		<StartingRow>2</StartingRow>
		<ColumnName>User Id</ColumnName>
		<ColumnName>MAC Address</ColumnName>
		<ColumnName>Directory Number</ColumnName>
		<ColumnName>Call Forward CSS (Internal, National, International)</ColumnName>				
		<ColumnName>Department</ColumnName>
		<ColumnName>NON_DID_NUMBER</ColumnName>
		<ColumnName>Test dummy</ColumnName>
	</SheetInfo>
	<SheetInfo>
		<SheetName>SharedLines</SheetName>
		<StartingRow>3</StartingRow>
		<ColumnName>User Name</ColumnName>	
		<ColumnName>MAC Address</ColumnName>		
		<ColumnName>Telephone</ColumnName>
		<ColumnName>Mycoulmn</ColumnName>
	</SheetInfo>
</Sheets>