<?xml version="1.0" encoding="UTF-8"?>
<Configs>
	<ColumnMapping>
		<Column>
			<Name>NAME</Name>
			<Value>CSS_name</Value>
		</Column>
		<Column>
			<Name>DESCRIPTION</Name>
			<Value>description</Value>
		</Column>
		
		<Column>
			<Name>TYPE OF PARTITION</Name>
			<Value>PARTITIONUSAGE</Value>
		</Column>
		
		<Column>
			<Name>ROUTE PARTITION1</Name>
			<Value>routepartitionone</Value>
		</Column>
		
		<Column>
			<Name>ROUTE PARTITION2</Name>
			<Value>routepartitiontwo</Value>
		</Column>
		
		<Column>
			<Name>ROUTE PARTITION3</Name>
			<Value>routepartitionthree</Value>
		</Column>
		
		<Column>
			<Name>ROUTE PARTITION4</Name>
			<Value>routepartitionfour</Value>
		</Column>
		
		<Column>
			<Name>ROUTE PARTITION5</Name>
			<Value>routepartitionfive</Value>
		</Column>
		
		<Column>
			<Name>ROUTE PARTITION6</Name>
			<Value>routepartitionsix</Value>
		</Column>
		
		<Column>
			<Name>ROUTE PARTITION7</Name>
			<Value>routepartitionseven</Value>
		</Column>
		
		<Column>
			<Name>ROUTE PARTITION8</Name>
			<Value>routepartitioneight</Value>
		</Column>
		
	</ColumnMapping>
	
	<MandatoryColumns>
	<ColumnName>NAME</ColumnName>
	</MandatoryColumns>

	<MasterSheets>
	</MasterSheets>
	
</Configs>
