<?xml version="1.0" encoding="UTF-8"?>
<Configs>
	<ColumnMapping>
		<Column>
			<Name>USER ID</Name>
			<Value >1_SID</Value>
		</Column>
		<Column>
			<Name>PASSWORD</Name>
			<Value >JP1Chase</Value>
		</Column>
		
		<Column>
			<Name>FIRST NAME</Name>
			<Value >FirstName</Value>
		</Column>
		
		<Column>
			<Name>LAST NAME</Name>
			<Value >LastName</Value>
		</Column>
		
		<Column>
			<Name>TELEPHONE NUMBER</Name>
			<Value>+1TelephoneNumber</Value>
		</Column>
		
		<Column>
			<Name>MAILID</Name>
			<Value >UserId@infosys.com</Value>
		</Column>
		<Column>
			<Name>MANAGERID</Name>
			<Value ></Value>
		</Column>
		<Column>
			<Name>DEPARTMENT</Name>
			<Value >Department</Value>
		</Column>
		<Column>
			<Name>CONTROLLED DEVICE1</Name>
			<Value >CiscoServicesframework</Value>
		</Column>
		<Column>
			<Name>CONTROLLED DEVICE2</Name>
			<Value ></Value>
		</Column>
		<Column>
			<Name>DEFAULT PROFILE</Name>
			<Value >DP_EM_UserId_DeviceType_1DirectoryNumber</Value>
		</Column>
		<Column>
			<Name>PRIMARY EXTENSION</Name>
			<Value>+1DirectoryNumber in PT_Temporary-514101</Value>
		</Column>
		
		<Column>
			<Name>CONTROLLED PROFILE1</Name>
			<Value>DP_EM_UserId_DeviceType_1DirectoryNumber</Value>
		</Column>	
	</ColumnMapping>
	<MandatoryColumns>
		<ColumnName>sId</ColumnName>
		<ColumnName>LastName</ColumnName>
	</MandatoryColumns>
	<MasterSheets>
		<SheetName>Users Info</SheetName>
	</MasterSheets>
	
</Configs>
