<?xml version="1.0" encoding="UTF-8"?>
<beans:beans xmlns:mvc="http://www.springframework.org/schema/mvc"
	xmlns:xsi="http://www.w3.org/2001/XMLSchema-instance"
	xmlns:beans="http://www.springframework.org/schema/beans"
	xmlns:context="http://www.springframework.org/schema/context"
	xsi:schemaLocation="http://www.springframework.org/schema/mvc 
	http://www.springframework.org/schema/mvc/spring-mvc.xsd
		http://www.springframework.org/schema/beans 
		http://www.springframework.org/schema/beans/spring-beans.xsd
		http://www.springframework.org/schema/context
		 http://www.springframework.org/schema/context/spring-context.xsd">

	<!-- DispatcherServlet Context: defines this servlet's request-processing infrastructure -->
	
	<!-- Enables the Spring MVC @Controller programming model -->
	<mvc:annotation-driven />

	<!-- Handles HTTP GET requests for /resources/** by efficiently serving up static resources in the ${webappRoot}/resources directory -->
	<!-- <resources mapping="/resources/**" location="/resources/" /> -->

	<!-- Resolves views selected for rendering by @Controllers to .jsp resources in the /WEB-INF/views directory -->
	<beans:bean class="org.springframework.web.servlet.view.InternalResourceViewResolver">
		<beans:property name="prefix" value="/WEB-INF/views/" />
		<beans:property name="suffix" value=".jsp" />
	</beans:bean>
	
	<context:component-scan base-package="com.cisco.csv" />
	
	<context:spring-configured/>
	
	<beans:bean id="sessionFactory" class="org.springframework.orm.hibernate4.LocalSessionFactoryBean">
		<beans:property name="dataSource" ref="dataSource" />
		<beans:property name="annotatedClasses">
			<beans:list>
				<beans:value>com.cisco.model.User</beans:value>
			</beans:list>
		</beans:property>
		<beans:property name="hibernateProperties">
			<beans:props>
				<beans:prop key="hibernate.dialect">org.hibernate.dialect.MySQLDialect</beans:prop>
				<beans:prop key="hibernate.show_sql">true</beans:prop>
				<beans:prop key="hibernate.hbm2ddl.auto">update</beans:prop>
			</beans:props>
		</beans:property>
	</beans:bean>

	<beans:bean id="dataSource" class="org.apache.commons.dbcp2.BasicDataSource" >
    <beans:property name="driverClassName" value="com.mysql.jdbc.Driver"/>
    <beans:property name="url" value="jdbc:mysql://localhost:3306/sample"/>
    <beans:property name="username" value="root"/>
    <beans:property name="password" value="cisco123"/>
</beans:bean>
	
<beans:bean id="userDAO" class="com.cisco.csv.services.UserDaoImpl">
<beans:constructor-arg>
	<beans:ref bean="sessionFactory"/>
	</beans:constructor-arg>
	</beans:bean>
	
	
	
	<beans:bean id="csvWriter" class="com.cisco.csv.writer.CsvWriter">
	</beans:bean>
	
	<beans:bean id="txtWriter" class="com.cisco.csv.writer.TxtWriter">
	</beans:bean>
	
	
	<beans:bean id="errorWriter" class="com.cisco.csv.writer.ErrorWriter">
	</beans:bean>
	
	<beans:bean id="headerWriter" class="com.cisco.csv.writer.HeaderWriter">
	</beans:bean>
	
	<beans:bean id="tarWriter" class="com.cisco.csv.writer.TarWriter">
	</beans:bean>
	
	<beans:bean id="mappingXmlWriter" class="com.cisco.csv.writer.MappingXmlWriter">
	</beans:bean>
	
	
	<beans:bean id="userSheetProp" class="org.springframework.context.support.PropertySourcesPlaceholderConfigurer">
	<beans:property name="locations">
	<beans:list>
	<beans:value>classpath:djhalani_user.properties</beans:value>
	<beans:value>classpath:admin_user.properties</beans:value>
	<beans:value>classpath:shabdulr_user.properties</beans:value>
	<beans:value>classpath:config.properties</beans:value>
	<beans:value>classpath:admin_phone.properties</beans:value>
	<beans:value>classpath:djhalani_phone.properties</beans:value>
	<beans:value>classpath:shabdulr_phone.properties</beans:value>
	<beans:value>classpath:admin_nonemphn.properties</beans:value>
	<beans:value>classpath:djhalani_nonemphn.properties</beans:value>
	<beans:value>classpath:shabdulr_nonemphn.properties</beans:value>
	<beans:value>classpath:admin_generic.properties</beans:value>
	<beans:value>classpath:djhalani_generic.properties</beans:value>
	<beans:value>classpath:shabdulr_generic.properties</beans:value>
	<beans:value>classpath:admin_common_config.properties</beans:value>
	<beans:value>classpath:shabdulr_common_config.properties</beans:value>
	<beans:value>classpath:djhalani_common_config.properties</beans:value>
	</beans:list>
	</beans:property>
	
	
	</beans:bean>
	<mvc:resources mapping="/images/**" location="/images/" />
	
	<beans:bean id="multipartResolver"
		class="org.springframework.web.multipart.commons.CommonsMultipartResolver">
		<beans:property name="maxUploadSize">
			<beans:value>10000000</beans:value>
		</beans:property>
	</beans:bean>
	
	<beans:bean id="messageSource" class="org.springframework.context.support.ResourceBundleMessageSource">
        <beans:property name="basename" value="messages" ></beans:property>
    </beans:bean>
	

<mvc:resources mapping="/resources/**" location="/resources/theme/" cache-period="31556926"/>

	</beans:beans>
