<beans:beans xmlns="http://www.springframework.org/schema/security"
    xmlns:beans="http://www.springframework.org/schema/beans"
    xmlns:xsi="http://www.w3.org/2001/XMLSchema-instance"
    xsi:schemaLocation="http://www.springframework.org/schema/beans
    http://www.springframework.org/schema/beans/spring-beans-3.1.xsd
    http://www.springframework.org/schema/security
    http://www.springframework.org/schema/security/spring-security-3.1.xsd">
 
    <http auto-config="true" use-expressions="true">
        <intercept-url pattern="/user/**" access="hasAnyRole('USER','ADMIN')" />
        <intercept-url pattern="/csvGen/**" access="hasAnyRole('USER','ADMIN')" />
        
      <!-- access denied page -->
		<access-denied-handler error-page="/403" />
     
        <form-login
        login-page="/login"
   		authentication-failure-url="/login?error"
   		default-target-url="/user"
        username-parameter="username"
        password-parameter="password" />
        <logout logout-success-url="/login?logout" delete-cookies="JSESSIONID"/>
         <!-- disable csrf protection -->
          <!--  <csrf disabled="true"/> -->
         <session-management invalid-session-url="/login">
			
		</session-management>
          
    </http>
 
  <!--   <authentication-manager>
        <authentication-provider>
            <user-service>
                <user name="admin" password="admin123" authorities="ROLE_ADMIN" />
                <user name="djhalani" password="password123" authorities="ROLE_USER"/>
                <user name="shabdulr" password="cisco123" authorities="ROLE_USER"/>
                <user name="bivinaya" password="cisco123" authorities="ROLE_USER"/>
                 <user name="ravpuri" password="cisco123" authorities="ROLE_USER"/>
                 <user name="nisashuk" password="cisco123" authorities="ROLE_USER"/>
                 <user name="pugarg" password="cisco123" authorities="ROLE_USER"/>
                  <user name="amraj2" password="cisco123" authorities="ROLE_USER"/>
                   <user name="eduardga" password="cisco123" authorities="ROLE_USER"/>
                    <user name="aksachde" password="cisco123" authorities="ROLE_USER"/>
                    <user name="sarusure" password="cisco123" authorities="ROLE_USER"/>
                    <user name="splasser" password="cisco123" authorities="ROLE_USER"/>
                    <user name="jpmc" password="cisco123" authorities="ROLE_USER"/>                
            </user-service>
        </authentication-provider>
     </authentication-manager> -->
    
    <beans:bean id="dataSource" class="org.apache.commons.dbcp2.BasicDataSource" >
	    <beans:property name="driverClassName" value="com.mysql.jdbc.Driver"/>
	    <beans:property name="url" value="jdbc:mysql://localhost:3306/sample"/>
	    <beans:property name="username" value="root"/>
	    <beans:property name="password" value="cisco123"/>
	</beans:bean> 
     
     
     <!-- Select users and user_roles from database -->
	<authentication-manager>
	  <authentication-provider>
		<jdbc-user-service data-source-ref="dataSource"
		  users-by-username-query=
		    "select username,password, enabled from users where username=?"
		  authorities-by-username-query=
		    "select username, role from user_roles where username =?" />
	  </authentication-provider>
	</authentication-manager>
 
</beans:beans>
